Word,Frequency
ai,337
intelligence,185
artificial,185
openai,183
generative,179
work,179
gpt,154
chatgpt,141
everywhere,119
companies,119
adopting,119
many,119
future,118
scary,118
exciting,118
time,118
concerns,105
use,105
ethical,105
cant,102
become,102
powerful,102
believe,102
im,100
worried,100
loss,100
job,100
due,100
opinion,96
overrated,96
advancements,94
fascinating,94
truly,94
changing,91
live,91
amazing,88
love,88
using,88
revolutionizing,87
tech,87
industry,87
